﻿<S:Envelope
 xmlns:env='http://schemas.xmlsoap.org/soap/envelope/'
 xmlns:S='http://schemas.xmlsoap.org/soap/envelope/'>
  <env:Header/>
  <S:Body>
    <RequestDocument
        xmlns='http://www.ups.com/WSDL/E2kGetValidServices/v1_0_1'
        xmlns:ns1='http://www.ups.com/XMLSchema/E2kGetValidServicesRqst/v1_0_1'
        xmlns:ns2='http://www.ups.com/XMLSchema/E2kGetValidServicesRspn/v1_0_1'
        xmlns:ns0='http://www.ups.com/XMLSchema/E2kGetValidServicesCmn/v1_0_1'>
      <ns1:E2kGetValidServicesRqst>
        <ns1:TransactionID>fac_s7_1.15383670629724</ns1:TransactionID>
        <ns1:DataSourceCode>ER</ns1:DataSourceCode>
        <ns1:Parties>
          <ns1:Party>
            <ns1:AddressType>SHIPPER</ns1:AddressType>
            <ns1:City>City_Org</ns1:City>
            <ns1:StateProv>StateProv_Org</ns1:StateProv>
            <ns1:PostalCode>PostalCode_Org</ns1:PostalCode>
            <ns1:CountryCode>CountryCode_Org</ns1:CountryCode>
            <ns1:ResidentialInd>N</ns1:ResidentialInd>
          </ns1:Party>
          <ns1:Party>
            <ns1:AddressType>CONSIGNEE</ns1:AddressType>
            <ns1:City>City_Des</ns1:City>
            <ns1:StateProv>StateProv_Des</ns1:StateProv>
            <ns1:PostalCode>PostalCode_Des</ns1:PostalCode>
            <ns1:CountryCode>CountryCode_Des</ns1:CountryCode>
            <ns1:ResidentialInd>N</ns1:ResidentialInd>
          </ns1:Party>
        </ns1:Parties>
        <ns1:PaymentTerms></ns1:PaymentTerms>
        <ns1:Accessorials></ns1:Accessorials>
        <ns1:DropOffIndicator>Y</ns1:DropOffIndicator>
        <ns1:CustomerAccountNumber></ns1:CustomerAccountNumber>
      </ns1:E2kGetValidServicesRqst>
    </RequestDocument>
  </S:Body>
</S:Envelope>
