{
    "city": [
        {

            "name": "Bombay"
        },
        {

            "name": "Delhi"
        },
        {

            "name": "Madras"
        },
        {

            "name": "Calcutta"
        },
        {

            "name": "Chennai"
        },
        {

            "name": "Bangalore"
        },
        {

            "name": "Mumbai"
        },
        {

            "name": "Trivundrum"
        },
        {

            "name": "Kochi"
        },
        {

            "name": "Hydrabad"
        },
        {

            "name": "Gangtok"
        },
        {

            "name": "Andaman"
        },
        {

            "name": "Jiapur"
        },
        {

            "name": "Srinagar"
        },
        {

            "name": "Katak"
        },
        {

            "name": "Durgapur"
        },
        {

            "name": "Bhopal"
        },
        {

            "name": "Jamshedpur"
        }
    ]
}
