[
    {
        "ContactName": "John",
        "EmailAddress": "abc@gmail.com",
        "PhoneNo": "3333333333",
        "UserId": 1,
        "DoShowEditContactForm": false
    },
    {
        "ContactName": "Albert",
        "EmailAddress": "xyz@gmail.com",
        "PhoneNo": "1111111111",
        "UserId": 2,
        "DoShowEditContactForm": false
    },
    {
        "ContactName": "Grace",
        "EmailAddress": "pqr@gmail.com",
        "PhoneNo": "2222222222",
        "UserId": 3,
        "DoShowEditContactForm": false
    }
]
