[
  {
    "countryCode": "AR",
    "mask": [ "/[A-Z]/i", "/\\d/", "/\\d/", "/\\d/", "/\\d/", "/[A-Z]/i", "/[A-Z]/i", "/[A-Z]/i" ],
    "length": 8
  },
  {
    "countryCode": "AT",
    "mask": [ "/\\d/", "/\\d/", "/\\d/", "/\\d/" ],
    "length": 4
  },
  {
    "countryCode": "AU",
    "mask": [ "/\\d/", "/\\d/", "/\\d/", "/\\d/" ],
    "length": 4
  },
  {
    "countryCode": "BE",
    "mask": [ "/\\d/", "/\\d/", "/\\d/", "/\\d/" ],
    "length": 4
  },
  {
    "countryCode": "BR",
    "mask": [ "/\\d/", "/\\d/", "/\\d/", "/\\d/", "/\\d/", "-", "/\\d/", "/\\d/", "/\\d/" ],
    "length": 9
  },
  {
    "countryCode": "CA",
    "mask": [ "/[A-Z]/i", "/\\d/", "/[A-Z]/i", " ", "/\\d/", "/[A-Z]/i", "/\\d/" ],
    "length": 7
  },
  {
    "countryCode": "CG",
    "mask": [],
    "length": 0
  },
  {
    "countryCode": "GB",
    "mask": [ "/[A-Z]/i", "/[A-Z]/i", "/\\d/", " ", "/\\d/", "/[A-Z]/i", "/[A-Z]/i" ],
    "length": 7
  },
  {
    "countryCode": "RU",
    "mask": [ "/\\d/", "/\\d/", "/\\d/", "/\\d/", "/\\d/", "/\\d/" ],
    "length": 6
  },
  {
    "countryCode": "SG",
    "mask": [ "/\\d/", "/\\d/", "/\\d/", "/\\d/", "/\\d/", "/\\d/" ],
    "length": 6
  },
  {
    "countryCode": "TH",
    "mask": [ "/\\d/", "/\\d/", "/\\d/", "/\\d/", "/\\d/" ],
    "length": 5
  },
  {
    "countryCode": "US",
    "mask": [ "/\\d/", "/\\d/", "/\\d/", "/\\d/", "/\\d/" ],
    "length": 5
  },
  {
    "countryCode": "VE",
    "mask": [ "/\\d/", "/\\d/", "/\\d/", "/\\d/" ],
    "length": 4
  },
  {
    "countryCode": "ZA",
    "mask": [ "/\\d/", "/\\d/", "/\\d/", "/\\d/" ],
    "length": 4
  }
]



