
[
    {
        "QuoteNumber": "123451",
        "QuoteInitiatedDate": "August1,2018",
        "QuoteStatus": "Accepted"
    },
    {
        "QuoteNumber": "123452",
        "QuoteInitiatedDate": "August5,2018",
        "QuoteStatus": "Accepted"
    },
    {
        "QuoteNumber": "123453",
        "QuoteInitiatedDate": "August9,2018",
        "QuoteStatus": "Accepted"
    },
    {
        "QuoteNumber": "123454",
        "QuoteInitiatedDate": "August7,2018",
        "QuoteStatus": "Initiated"
    },
    {
        "QuoteNumber": "123455",
        "QuoteInitiatedDate": "August10,2018",
        "QuoteStatus": "Accepted"

    },
    {
        "QuoteNumber": "123456",
        "QuoteInitiatedDate": "August11,2018",
        "QuoteStatus": "Rejected"
    },
    {
        "QuoteNumber": "123451",
        "QuoteInitiatedDate": "August1,2018",
        "QuoteStatus": "Accepted"
    },
    {
        "QuoteNumber": "123452",
        "QuoteInitiatedDate": "August5,2018",
        "QuoteStatus": "Accepted"
    },
    {
        "QuoteNumber": "123453",
        "QuoteInitiatedDate": "August9,2018",
        "QuoteStatus": "Accepted"
    },
    {
        "QuoteNumber": "123454",
        "QuoteInitiatedDate": "August7,2018",
        "QuoteStatus": "Initiated"
    },
    {
        "QuoteNumber": "123455",
        "QuoteInitiatedDate": "August10,2018",
        "QuoteStatus": "Accepted"

    },
    {
        "QuoteNumber": "123456",
        "QuoteInitiatedDate": "August11,2018",
        "QuoteStatus": "Rejected"
    },
    {
        "QuoteNumber": "123451",
        "QuoteInitiatedDate": "August1,2018",
        "QuoteStatus": "Accepted"
    },
    {
        "QuoteNumber": "123452",
        "QuoteInitiatedDate": "August5,2018",
        "QuoteStatus": "Accepted"
    },
    {
        "QuoteNumber": "123453",
        "QuoteInitiatedDate": "August9,2018",
        "QuoteStatus": "Accepted"
    },
    {
        "QuoteNumber": "123454",
        "QuoteInitiatedDate": "August7,2018",
        "QuoteStatus": "Initiated"
    },
    {
        "QuoteNumber": "123455",
        "QuoteInitiatedDate": "August10,2018",
        "QuoteStatus": "Accepted"

    },
    {
        "QuoteNumber": "123456",
        "QuoteInitiatedDate": "August11,2018",
        "QuoteStatus": "Rejected"
    }
]
